best_model,best_rmse,best_mae,best_smape,best_r2
Ensemble,3.353578771013116,2.2137800170332644,63.74034146608153,0.3758548033606467
